month,topic_id,paper_count,avg_probability,month_total,ratio
2026-07,6,77,0.825929,500,15.4
2026-07,3,76,0.820145,500,15.2
2026-07,7,71,0.821816,500,14.2
2026-07,2,64,0.853282,500,12.8
2026-07,0,62,0.808969,500,12.4
2026-07,1,58,0.864277,500,11.6
2026-07,5,58,0.835726,500,11.6
2026-07,4,34,0.871095,500,6.8
